一级分类,二级分类,三级分类
柜体木饰面,实木皮饰面板,
柜体木饰面,科技木皮饰面板,
柜体木饰面,三聚氰胺饰面板,
柜体木饰面,PET膜饰面板,
柜体木饰面,混油饰面板,
柜体木饰面,其他饰面,
柜体木饰面,柜体/家具五金,铰链
柜体木饰面,柜体/家具五金,轨道
柜体木饰面,柜体/家具五金,拉手
柜体木饰面,柜体/家具五金,成品抽屉
柜体木饰面,柜体/家具五金,铝合金柜门
木地板,实木地板,
木地板,实木复合地板,
木地板,强化复合地板,
木地板,SPC(石塑),
木地板,LVT,
木地板,WPC（木塑）,
木地板,塑胶地板及其他,
地毯,丙纶满铺毯,
地毯,晴纶满铺毯,
地毯,涤纶满铺毯,
地毯,羊毛/羊毛混纺,
地毯,植物纤维,
瓷砖,亮面砖,
瓷砖,哑光砖,
瓷砖,肌理/手工/仿古砖,
瓷砖,马赛克/小砖,
瓷砖,岩板/大规格瓷砖,
石材,大理石,
石材,花岗岩,
石材,砂岩,
石材,板岩,
石材,石灰石,
石材,人造石,树脂基石英石
石材,人造石,无机基石英石
石材,人造石,人造大理石（岗石）
石材,人造石,微晶石
厨卫陶瓷,座便器,连体马桶
厨卫陶瓷,座便器,分体马桶
厨卫陶瓷,座便器,壁挂马桶
厨卫陶瓷,座便器,智能马桶
厨卫陶瓷,座便器,智能马桶盖
厨卫陶瓷,台盆,台上盆
厨卫陶瓷,台盆,台中盆（半嵌盆）
厨卫陶瓷,台盆,台下盆
厨卫陶瓷,台盆,一体盆
厨卫陶瓷,台盆,挂墙盆/立柱盆
厨卫陶瓷,水槽,单槽洗菜盆
厨卫陶瓷,水槽,双槽洗菜盆
厨卫陶瓷,水槽,异形洗菜盆
厨卫陶瓷,水槽,石英石洗菜盆
厨卫陶瓷,拖把池,落地式拖把池
厨卫陶瓷,拖把池,壁挂式拖把池
厨卫陶瓷,浴缸,普通浴缸
厨卫陶瓷,浴缸,按摩浴缸
厨卫五金,面盆龙头,
厨卫五金,厨房龙头,
厨卫五金,淋浴龙头,
厨卫五金,其他龙头,
厨卫五金,淋浴屏风,浴屏玻璃
厨卫五金,淋浴屏风,浴屏五金
厨卫五金,淋浴屏风,屏风挡水
厨卫五金,淋浴屏风,淋浴房底座
厨卫五金,毛巾架,
厨卫五金,置物架,
厨卫五金,地漏/角阀/软管等,
户内门,木门,
户内门,铝合金门窗,
户内门,门窗五金配件,门锁
户内门,门窗五金配件,合页
户内门,门窗五金配件,拉手
户内门,门窗五金配件,门碰
灯具开关,筒灯/射灯/灯带,
灯具开关,吊灯,
灯具开关,壁灯,
灯具开关,开关插座面板,
灯具开关,浴霸/排气扇,
电器,油烟机,
电器,燃气灶,
电器,电磁灶,
电器,洗碗机,
电器,微波炉,
电器,蒸烤箱,
电器,热水器,
电器,冰箱,
电器,中央空调/新风/地暖设备,
